{"cameraMode":{"drawMode":0,"name":"Shaded","section":"Shading Mode"},"sceneLighting":true,"audioPlay":false,"sceneViewState":{"m_AlwaysRefresh":false,"showFog":true,"showSkybox":true,"showFlares":true,"showImageEffects":true,"showParticleSystems":true,"showVisualEffectGraphs":true,"m_FxEnabled":true},"in2DMode":false,"pivot":{"x":8.373889923095704,"y":2.589224338531494,"z":-0.4443596303462982},"rotation":{"x":0.04060182720422745,"y":0.7464323043823242,"z":0.04572921246290207,"w":-0.6626573204994202},"size":0.22678348422050477,"orthographic":false}